Age,WatchTimePerDay,PreferredGenre,MovieDuration,ReleaseYear,Rating,IsPopular,Device,SubscriptionType,Liked
51,3.43,Horror,130,1996,5.2,0,TV,Basic,0
64,1.83,Comedy,82,2015,7.1,0,TV,Premium,1
41,1.98,Romance,121,2014,8.7,1,TV,Premium,1
27,2.58,Sci-Fi,98,1999,8.6,1,Mobile,Basic,1
55,0.61,Horror,152,2008,9.1,1,Laptop,Premium,1
20,2.27,Horror,107,2000,6.0,1,TV,Premium,1
33,1.66,Action,163,2002,5.7,0,Mobile,Basic,0
51,2.3,Action,124,1997,8.1,1,TV,Premium,1
31,1.16,Romance,150,1993,6.4,1,TV,Premium,1
35,5.4,Sci-Fi,157,2020,4.5,1,Laptop,Basic,1
23,3.76,Horror,142,2017,5.6,1,TV,Basic,1
23,4.24,Romance,152,2000,6.3,0,TV,Premium,0
36,4.84,Romance,198,1990,5.6,0,Mobile,Premium,0
48,3.24,Drama,98,2013,5.8,0,Mobile,Premium,0
52,0.98,Thriller,126,2020,5.6,1,Laptop,Basic,1
36,3.45,Action,195,2015,4.2,1,Mobile,Premium,1
15,3.73,Sci-Fi,93,1994,7.5,0,Mobile,Premium,1
34,4.6,Horror,199,2009,7.3,1,Laptop,Premium,1
14,2.87,Romance,117,2000,7.6,1,TV,Premium,1
36,1.2,Horror,132,2022,5.1,0,Laptop,Premium,0
56,2.06,Drama,140,2016,5.6,0,Mobile,Premium,0
42,2.5,Sci-Fi,115,2023,7.4,1,Laptop,Basic,1
50,4.05,Romance,119,2004,7.3,1,TV,Basic,1
14,3.64,Horror,160,2021,6.8,1,Laptop,Premium,1
33,2.46,Action,109,2010,5.9,0,Mobile,Premium,1
45,5.93,Thriller,88,1994,9.0,0,Mobile,Basic,1
24,3.83,Drama,143,1995,5.9,0,Laptop,Basic,0
34,1.8,Sci-Fi,112,2011,6.5,0,TV,Basic,0
56,1.06,Drama,199,2007,7.7,1,Laptop,Premium,1
37,1.34,Action,131,2003,7.0,0,TV,Premium,0
61,1.85,Sci-Fi,168,1999,5.9,0,TV,Premium,0
39,1.38,Drama,93,2002,6.4,1,Laptop,Premium,1
54,1.53,Comedy,154,2020,8.4,1,TV,Basic,1
40,2.07,Action,132,2019,5.5,1,Mobile,Basic,1
28,1.45,Action,178,1992,4.8,0,Laptop,Basic,0
27,5.43,Action,184,2019,5.7,1,TV,Basic,1
59,0.94,Comedy,138,1995,8.7,1,Mobile,Premium,1
63,3.38,Comedy,157,2018,4.5,0,Laptop,Premium,0
56,2.76,Horror,173,1997,9.5,0,Mobile,Basic,1
64,5.9,Romance,120,2022,7.0,1,Mobile,Basic,1
15,1.12,Thriller,147,2006,9.4,0,Mobile,Basic,1
49,2.69,Drama,147,2000,9.2,1,TV,Basic,1
63,5.83,Horror,171,2002,6.5,1,Laptop,Basic,1
19,5.26,Drama,87,2000,5.1,0,Laptop,Premium,0
33,4.99,Thriller,81,2020,4.9,1,TV,Premium,1
21,1.92,Romance,184,2017,5.3,0,Laptop,Basic,0
51,1.44,Comedy,189,1995,7.9,0,Mobile,Basic,1
30,4.18,Romance,165,2005,5.5,0,Laptop,Basic,0
16,5.61,Comedy,120,1993,5.9,1,TV,Premium,1
37,3.56,Thriller,199,2024,6.5,0,Mobile,Premium,0
26,3.64,Romance,134,2015,9.0,0,TV,Premium,1
62,2.04,Horror,95,2001,5.0,1,Mobile,Basic,1
21,4.73,Sci-Fi,172,2000,4.0,1,Mobile,Premium,1
38,1.53,Horror,141,2014,4.3,1,Laptop,Basic,1
14,2.28,Drama,192,2007,9.0,1,Mobile,Premium,1
32,2.84,Horror,127,2008,7.6,0,TV,Premium,1
40,3.29,Thriller,109,2012,5.5,0,Laptop,Premium,0
59,1.83,Action,91,2007,5.0,0,TV,Basic,0
19,1.13,Drama,114,2015,5.6,1,Mobile,Basic,1
56,3.86,Romance,90,1995,4.6,1,TV,Premium,1
20,2.09,Drama,143,1993,9.2,0,TV,Basic,1
59,3.7,Sci-Fi,189,2018,8.3,1,Mobile,Basic,1
47,1.35,Comedy,129,2023,6.5,1,Laptop,Basic,1
26,3.15,Romance,164,2006,8.8,0,TV,Basic,1
29,3.43,Drama,100,2005,5.4,0,Mobile,Basic,0
48,0.79,Romance,148,1991,7.9,1,Laptop,Basic,1
62,2.35,Romance,127,2023,8.7,1,Laptop,Basic,1
52,1.24,Romance,99,1997,6.0,1,Laptop,Premium,1
16,0.85,Comedy,180,2002,8.2,0,TV,Basic,1
14,5.94,Thriller,146,1997,5.6,0,TV,Basic,0
18,2.27,Horror,123,2019,5.6,0,TV,Premium,0
54,4.95,Romance,112,2021,4.6,0,Laptop,Premium,0
16,1.9,Action,196,2019,6.4,0,TV,Premium,0
41,4.25,Thriller,152,1990,8.0,1,Mobile,Premium,1
30,4.68,Sci-Fi,140,2006,9.2,1,TV,Basic,1
38,3.78,Comedy,88,2009,7.3,1,TV,Premium,1
56,3.09,Drama,147,2013,8.7,0,Laptop,Premium,1
46,2.77,Comedy,114,2011,8.5,0,TV,Basic,1
22,2.42,Drama,160,2018,5.0,0,Mobile,Basic,0
48,5.61,Comedy,177,2011,6.7,1,Laptop,Basic,1
26,5.07,Drama,167,1998,4.6,0,Mobile,Premium,0
43,5.81,Romance,175,1999,7.8,0,Laptop,Basic,1
60,1.18,Horror,144,2017,9.2,1,Laptop,Premium,1
27,4.52,Drama,87,2017,4.8,0,TV,Basic,0
20,5.66,Drama,124,2010,8.0,1,Mobile,Basic,1
26,1.5,Action,166,2013,7.5,0,Laptop,Premium,1
35,0.87,Drama,126,1991,7.2,0,TV,Basic,1
52,4.58,Action,119,1997,6.1,1,Laptop,Basic,1
33,3.66,Sci-Fi,155,2016,6.0,1,Laptop,Basic,1
28,5.13,Romance,133,2011,4.2,1,Laptop,Basic,1
57,1.27,Action,155,2016,5.2,1,Laptop,Basic,1
30,4.87,Horror,125,2018,4.1,1,Laptop,Premium,1
59,1.61,Thriller,126,1992,7.2,1,Laptop,Premium,1
36,1.4,Romance,94,2002,4.6,0,TV,Basic,0
38,1.4,Action,184,1999,8.8,0,Laptop,Premium,1
37,4.98,Romance,98,1998,6.9,1,Mobile,Premium,1
57,4.16,Romance,105,2016,7.8,0,TV,Premium,1
53,3.38,Romance,131,2023,6.3,1,Mobile,Basic,1
41,2.47,Sci-Fi,172,1990,7.1,0,Laptop,Basic,1
27,5.32,Horror,101,2021,9.2,1,Mobile,Basic,1
57,2.66,Comedy,183,2014,4.5,0,Laptop,Premium,0
13,4.99,Comedy,100,2018,5.4,0,Laptop,Premium,0
37,2.92,Action,130,1996,8.3,0,TV,Basic,1
19,2.57,Romance,117,1992,4.5,0,TV,Basic,0
21,3.04,Action,99,2009,4.4,0,Laptop,Premium,1
36,2.16,Sci-Fi,108,2009,6.0,1,TV,Premium,1
13,4.61,Sci-Fi,130,2019,4.5,1,Mobile,Basic,1
56,3.26,Drama,83,2024,7.2,1,TV,Premium,1
20,1.78,Sci-Fi,134,2024,5.2,0,TV,Premium,0
36,5.45,Drama,150,2016,8.9,1,Mobile,Premium,1
23,2.61,Horror,171,2015,8.3,0,TV,Premium,1
63,3.49,Action,107,2003,7.8,0,Laptop,Premium,1
29,5.49,Thriller,83,2006,7.4,0,Mobile,Premium,1
20,3.93,Horror,101,2007,8.7,1,Laptop,Premium,1
47,1.14,Sci-Fi,155,2018,5.2,0,Mobile,Basic,0
47,5.67,Horror,124,2009,8.8,1,Laptop,Basic,1
45,3.95,Horror,146,2016,8.3,1,Laptop,Premium,1
17,2.34,Horror,165,2007,8.1,0,TV,Premium,1
54,1.27,Sci-Fi,187,1993,7.1,0,Laptop,Premium,1
51,4.87,Thriller,145,1990,5.4,1,TV,Basic,1
53,3.91,Romance,167,1990,6.3,1,Mobile,Basic,1
40,3.43,Horror,113,2015,8.4,1,Laptop,Premium,1
19,5.42,Drama,170,2009,4.2,1,Laptop,Basic,1
21,4.84,Sci-Fi,134,2012,8.3,1,Mobile,Premium,1
20,1.33,Horror,184,1999,5.3,1,Mobile,Premium,1
24,2.21,Thriller,80,2000,4.8,0,Laptop,Premium,0
46,1.87,Romance,151,1994,4.6,1,Mobile,Premium,1
45,4.59,Sci-Fi,166,1990,4.1,1,TV,Premium,1
60,0.68,Comedy,117,2006,6.9,1,Mobile,Premium,1
35,3.63,Romance,85,2011,5.2,1,Mobile,Premium,1
36,4.69,Drama,165,2023,9.4,0,Laptop,Basic,1
49,5.32,Horror,104,2018,7.2,0,TV,Premium,1
47,2.38,Thriller,161,1993,4.8,1,Mobile,Basic,1
56,5.02,Comedy,96,1994,7.8,1,TV,Premium,1
52,1.11,Thriller,140,2000,8.9,1,TV,Premium,1
34,5.16,Comedy,91,2010,8.1,0,TV,Basic,1
39,1.2,Sci-Fi,85,2024,4.4,0,Laptop,Basic,0
47,2.69,Comedy,169,2001,8.9,0,Mobile,Premium,1
13,4.89,Drama,106,2015,8.4,0,Laptop,Basic,1
47,1.32,Drama,87,2008,4.9,0,Mobile,Premium,0
49,1.76,Action,162,1996,4.3,0,Mobile,Premium,0
59,4.47,Drama,185,1996,7.1,1,Laptop,Basic,1
26,4.46,Romance,144,2015,4.9,0,TV,Basic,0
15,4.03,Comedy,136,1994,8.6,0,TV,Basic,1
13,4.32,Drama,172,2010,6.0,1,Mobile,Basic,1
17,3.48,Sci-Fi,188,2003,9.0,0,Laptop,Premium,1
38,1.88,Thriller,192,1993,7.1,1,TV,Basic,1
26,2.4,Thriller,178,2012,5.0,0,TV,Basic,0
51,1.5,Action,119,2009,4.8,1,Mobile,Basic,1
39,5.5,Thriller,93,2004,7.2,1,Mobile,Basic,1
21,3.71,Comedy,114,2018,8.2,1,Laptop,Basic,1
27,2.7,Action,127,1997,8.3,1,Mobile,Premium,1
27,3.04,Comedy,188,2008,5.5,1,TV,Premium,1
38,5.71,Sci-Fi,163,2017,5.1,0,TV,Basic,0
54,1.34,Action,135,2016,4.1,0,TV,Basic,0
25,3.72,Horror,128,1993,7.7,1,TV,Premium,1
63,3.28,Romance,92,2004,4.4,1,Laptop,Basic,1
44,3.86,Romance,140,2024,6.3,1,Laptop,Premium,1
51,0.6,Comedy,181,1990,7.3,0,Mobile,Premium,1
61,5.3,Thriller,128,1992,9.2,1,Mobile,Basic,1
64,5.63,Horror,125,2013,5.7,1,Mobile,Premium,1
44,3.61,Action,192,2016,5.4,1,Laptop,Basic,1
16,4.33,Horror,141,2023,7.6,1,TV,Basic,1
42,5.57,Horror,87,2018,7.4,0,Mobile,Premium,1
49,4.39,Thriller,122,2013,5.8,1,TV,Premium,1
35,1.34,Action,99,2013,9.1,1,Mobile,Basic,1
51,3.67,Sci-Fi,176,1993,8.6,0,Mobile,Premium,1
57,3.84,Thriller,169,1992,5.2,1,Mobile,Basic,1
27,2.83,Horror,118,2023,5.3,1,Mobile,Premium,1
55,4.55,Horror,164,2012,6.8,0,Mobile,Premium,0
41,5.64,Sci-Fi,196,2012,8.3,0,TV,Basic,1
48,5.59,Horror,128,1994,4.2,0,Mobile,Basic,0
25,2.98,Horror,143,2020,7.8,1,TV,Basic,1
44,1.12,Horror,141,1995,7.6,1,Laptop,Premium,1
19,5.92,Romance,185,1999,5.3,0,Mobile,Basic,0
63,5.11,Thriller,186,1996,7.7,0,TV,Basic,1
34,1.19,Drama,133,2010,9.2,0,Laptop,Premium,1
40,5.56,Thriller,184,2009,4.3,1,Laptop,Premium,1
14,5.28,Sci-Fi,88,1992,5.8,1,Laptop,Basic,1
54,3.35,Horror,167,2011,6.4,0,TV,Basic,0
57,3.75,Thriller,116,1993,8.9,1,Mobile,Basic,1
18,2.69,Romance,128,2017,9.3,0,Mobile,Basic,1
40,0.8,Sci-Fi,120,2001,6.4,1,TV,Premium,1
40,2.34,Comedy,96,1994,8.1,1,Mobile,Premium,1
56,4.92,Thriller,167,2002,6.9,1,TV,Basic,1
56,0.53,Comedy,100,2012,7.0,1,Mobile,Basic,1
32,2.33,Horror,130,2019,5.5,0,Laptop,Basic,0
42,2.69,Romance,138,2014,5.2,1,Mobile,Premium,1
23,3.46,Romance,118,2016,5.6,1,TV,Basic,1
40,5.56,Thriller,134,2003,7.1,0,TV,Basic,1
37,2.4,Sci-Fi,120,2005,4.2,1,Laptop,Premium,1
51,2.41,Sci-Fi,118,2011,9.0,0,TV,Premium,1
45,4.56,Romance,92,2010,4.9,0,Mobile,Basic,0
13,2.99,Sci-Fi,143,2010,5.2,1,Mobile,Basic,1
39,1.74,Romance,90,1997,6.9,1,Laptop,Premium,1
64,2.99,Thriller,189,2005,7.9,0,TV,Basic,1
25,1.27,Drama,98,2020,4.5,0,Laptop,Basic,0
53,1.47,Romance,90,1999,5.7,0,Mobile,Premium,0
15,3.24,Comedy,156,2021,9.3,1,Laptop,Premium,1
51,2.8,Sci-Fi,125,2023,5.4,0,TV,Premium,0
18,5.53,Romance,124,1998,5.7,0,Laptop,Basic,0
20,2.49,Romance,80,2006,8.6,0,TV,Premium,1
39,3.69,Thriller,119,2000,4.3,1,TV,Premium,1
21,3.98,Sci-Fi,187,2021,6.6,0,Mobile,Basic,0
49,0.57,Drama,98,1999,6.1,1,Mobile,Basic,1
45,4.15,Thriller,155,2011,5.7,1,Mobile,Premium,1
63,1.48,Drama,151,2006,5.6,0,TV,Premium,0
54,5.79,Thriller,151,1993,4.5,1,Laptop,Basic,1
56,1.32,Sci-Fi,140,2014,5.7,0,TV,Basic,0
36,2.78,Action,196,2010,4.2,1,Mobile,Premium,1
27,0.97,Sci-Fi,188,1990,8.3,1,Mobile,Premium,1
44,5.98,Sci-Fi,91,2014,6.2,0,Laptop,Basic,0
44,3.26,Drama,140,2006,6.4,0,Mobile,Premium,0
36,3.77,Drama,191,2013,8.9,0,Mobile,Basic,1
53,0.87,Sci-Fi,112,1991,7.6,1,Mobile,Premium,1
64,4.62,Sci-Fi,124,2004,4.0,1,Laptop,Basic,1
61,1.65,Sci-Fi,169,2021,9.2,0,TV,Basic,1
61,5.44,Drama,182,1995,5.3,0,Mobile,Premium,0
64,1.63,Sci-Fi,171,1990,4.6,1,Laptop,Premium,1
24,1.55,Sci-Fi,148,2012,8.2,1,Mobile,Basic,1
51,0.7,Horror,87,2006,6.8,1,Laptop,Premium,1
14,3.1,Action,104,2023,6.4,0,Mobile,Premium,1
15,3.61,Comedy,170,2018,5.4,1,Laptop,Premium,1
61,0.86,Action,125,1998,7.0,0,Mobile,Basic,0
49,4.77,Horror,166,2002,5.5,1,TV,Premium,1
61,2.99,Comedy,109,1995,9.0,1,Mobile,Premium,1
29,3.38,Thriller,188,1995,5.2,0,Laptop,Basic,0
61,2.92,Sci-Fi,126,2009,8.9,0,Mobile,Premium,1
14,2.7,Horror,166,1992,7.1,0,TV,Premium,1
14,3.58,Thriller,128,2006,8.6,1,Mobile,Basic,1
40,1.35,Sci-Fi,126,2001,7.9,1,Laptop,Basic,1
35,1.5,Drama,163,1990,7.8,1,Laptop,Premium,1
49,5.24,Romance,161,2006,5.8,0,TV,Premium,0
44,5.7,Horror,97,1992,5.3,1,Laptop,Basic,1
45,2.55,Drama,145,2015,5.2,0,Mobile,Basic,0
13,1.99,Horror,147,2004,8.7,0,Mobile,Premium,1
31,4.04,Horror,173,2021,8.5,0,Mobile,Premium,1
14,2.75,Drama,112,2021,6.4,1,Laptop,Premium,1
56,0.64,Comedy,115,1993,4.7,1,Mobile,Basic,1
38,1.36,Action,161,2007,6.1,0,Mobile,Premium,0
44,4.44,Sci-Fi,180,2008,7.4,1,Mobile,Basic,1
18,4.12,Horror,98,2024,6.5,0,TV,Basic,0
44,0.65,Sci-Fi,190,2003,8.3,0,Laptop,Basic,1
16,1.72,Romance,107,2022,9.5,1,Laptop,Premium,1
23,1.77,Drama,119,2003,5.1,0,Laptop,Premium,0
29,4.2,Sci-Fi,163,2023,6.5,0,TV,Premium,0
50,0.61,Drama,192,1993,6.4,1,Laptop,Basic,1
36,1.07,Sci-Fi,176,2013,5.7,0,TV,Premium,0
17,4.9,Action,155,2018,5.1,0,TV,Basic,1
64,1.48,Action,194,2008,4.4,0,Laptop,Basic,0
46,4.09,Action,94,1995,8.9,0,Mobile,Basic,1
18,1.81,Action,120,2022,6.3,0,Mobile,Basic,0
34,1.05,Action,118,2008,6.7,0,Laptop,Basic,0
23,1.84,Action,81,1990,9.0,0,Laptop,Basic,1
60,4.47,Drama,142,1994,8.3,1,TV,Premium,1
28,5.21,Horror,108,2016,4.7,1,Laptop,Basic,1
45,5.07,Sci-Fi,184,2005,7.1,0,TV,Premium,1
21,2.68,Action,153,1995,6.4,0,Laptop,Basic,1
18,4.17,Drama,145,2002,8.4,1,Mobile,Premium,1
28,1.63,Drama,130,2024,8.0,1,Mobile,Premium,1
41,2.11,Drama,154,2008,7.8,1,Laptop,Premium,1
15,5.43,Horror,156,2001,5.9,1,TV,Premium,1
32,0.57,Sci-Fi,89,2005,8.4,1,Mobile,Basic,1
48,0.97,Horror,93,1999,4.3,0,TV,Basic,0
31,1.64,Comedy,161,2014,4.9,1,Laptop,Basic,1
38,0.65,Thriller,130,2009,5.8,1,Laptop,Basic,1
15,1.5,Drama,197,2020,4.4,1,Mobile,Premium,1
31,3.71,Comedy,152,1993,5.3,0,Laptop,Premium,0
32,2.82,Romance,118,2012,8.6,0,Mobile,Premium,1
44,5.41,Action,107,1991,9.2,0,TV,Basic,1
19,5.0,Thriller,82,2011,5.7,0,Mobile,Premium,0
64,2.38,Action,163,1997,5.5,0,Mobile,Basic,1
53,1.93,Horror,149,1996,5.5,0,TV,Premium,0
45,2.59,Thriller,106,2003,5.5,1,Mobile,Premium,1
52,3.75,Sci-Fi,196,1992,4.2,0,Mobile,Premium,0
51,1.97,Comedy,81,2005,9.1,0,Laptop,Premium,1
30,3.93,Sci-Fi,172,2008,5.2,1,TV,Premium,1
52,2.75,Horror,117,2007,6.3,0,Mobile,Basic,0
13,3.54,Action,82,2005,4.1,1,TV,Premium,1
23,2.9,Thriller,95,1997,8.7,1,TV,Basic,1
40,2.12,Sci-Fi,173,2022,8.0,0,Mobile,Basic,1
37,5.72,Sci-Fi,119,2001,9.2,1,Laptop,Basic,1
62,4.7,Action,81,2000,8.3,1,TV,Basic,1
35,1.27,Thriller,160,1994,5.7,1,Mobile,Basic,1
43,5.28,Comedy,120,2016,5.4,1,TV,Basic,1
42,3.18,Action,91,2001,7.8,0,Laptop,Basic,1
54,5.42,Sci-Fi,114,2006,6.0,1,Laptop,Basic,1
47,4.9,Comedy,186,1995,7.1,0,Laptop,Premium,1
19,2.84,Comedy,144,2022,4.0,1,Mobile,Premium,1
28,0.62,Action,134,1994,4.3,1,Mobile,Basic,1
38,1.98,Sci-Fi,124,2017,6.9,1,Laptop,Basic,1
60,3.48,Horror,158,2003,7.1,0,Mobile,Basic,1
64,3.98,Sci-Fi,169,1994,8.1,0,Laptop,Premium,1
61,1.92,Drama,180,2022,4.7,0,Mobile,Premium,0
14,1.27,Thriller,164,2008,6.8,1,Laptop,Basic,1
13,5.09,Romance,141,2011,5.1,1,TV,Basic,1
60,5.91,Horror,128,1994,4.5,1,Laptop,Premium,1
24,3.39,Comedy,174,1991,6.3,1,Laptop,Premium,1
17,1.44,Horror,104,2019,4.9,0,Mobile,Basic,0
49,2.0,Thriller,102,1993,5.2,1,Mobile,Basic,1
44,0.6,Comedy,103,2022,5.7,0,Mobile,Basic,0
21,5.53,Thriller,117,2002,5.4,1,Mobile,Basic,1
53,1.15,Comedy,107,2009,4.5,0,Mobile,Premium,0
47,3.67,Horror,100,1996,4.5,0,Mobile,Premium,0
31,2.01,Comedy,133,2004,5.1,1,TV,Basic,1
60,3.55,Comedy,186,2012,4.3,1,Laptop,Basic,1
28,4.08,Drama,97,2003,7.4,0,Laptop,Basic,1
15,5.06,Sci-Fi,115,2012,5.6,1,Laptop,Premium,1
32,1.64,Sci-Fi,178,2008,5.5,1,TV,Basic,1
36,0.56,Romance,124,2018,5.8,0,Laptop,Basic,0
45,1.25,Romance,198,2009,7.6,0,TV,Basic,1
36,5.45,Drama,152,2018,8.8,0,TV,Premium,1
64,5.31,Romance,132,2013,8.2,0,TV,Basic,1
23,3.79,Thriller,181,2007,8.0,1,Laptop,Premium,1
61,3.8,Horror,109,1999,6.7,0,TV,Basic,0
20,4.16,Action,139,1997,7.8,0,Laptop,Basic,1
48,1.46,Thriller,187,2015,7.0,0,Laptop,Basic,0
50,5.53,Action,177,2018,5.2,1,Mobile,Premium,1
52,2.8,Action,111,1999,5.1,0,Mobile,Basic,1
32,2.61,Drama,146,2006,5.6,1,TV,Basic,1
47,3.35,Thriller,146,1991,9.0,0,TV,Premium,1
60,0.76,Drama,107,1995,7.0,0,Laptop,Premium,0
37,1.41,Comedy,123,1994,8.0,1,TV,Premium,1
47,4.56,Action,158,2017,5.9,0,TV,Basic,1
37,0.96,Horror,120,1994,6.2,0,Laptop,Premium,0
41,3.82,Romance,142,2007,4.7,1,TV,Basic,1
30,1.85,Horror,102,2015,4.9,0,TV,Premium,0
58,2.64,Romance,183,2009,8.6,0,Laptop,Premium,1
30,2.09,Action,154,2016,7.2,0,Laptop,Premium,1
14,2.46,Action,127,2001,5.9,0,Mobile,Basic,1
47,4.45,Action,111,1996,8.4,1,Laptop,Basic,1
28,2.13,Drama,136,1992,5.4,0,Mobile,Basic,0
53,3.62,Thriller,197,1999,9.4,1,TV,Basic,1
48,3.12,Romance,179,2023,5.9,0,Laptop,Basic,0
45,4.15,Thriller,112,2014,5.9,1,Laptop,Basic,1
16,5.65,Drama,103,2024,5.7,0,Laptop,Basic,0
45,4.53,Drama,118,2005,4.7,1,TV,Basic,1
26,1.68,Sci-Fi,113,1991,4.6,0,Mobile,Basic,0
33,0.67,Horror,135,2013,7.6,1,TV,Premium,1
60,1.94,Horror,107,1999,8.8,1,TV,Premium,1
32,3.77,Comedy,116,2011,8.3,0,Laptop,Basic,1
20,0.78,Drama,86,2015,4.8,1,Mobile,Basic,1
19,3.23,Romance,147,2016,7.0,0,TV,Basic,0
15,3.78,Sci-Fi,116,2018,4.6,0,Laptop,Basic,0
29,2.34,Sci-Fi,135,2009,4.2,0,TV,Premium,0
45,4.74,Thriller,144,2016,7.6,0,TV,Premium,1
60,1.09,Horror,144,2009,6.9,0,Laptop,Basic,0
24,0.91,Drama,126,2008,4.5,1,Laptop,Premium,1
63,4.51,Comedy,99,2009,4.2,0,Mobile,Premium,0
34,3.23,Drama,98,2024,9.4,0,TV,Basic,1
34,4.29,Thriller,108,1991,4.2,0,Laptop,Basic,0
58,2.89,Action,153,2019,6.4,0,Laptop,Basic,1
42,1.86,Drama,139,2023,6.8,0,Mobile,Basic,0
50,5.01,Thriller,97,2011,4.6,0,Mobile,Premium,0
50,4.9,Action,171,1992,4.9,1,Laptop,Basic,1
57,4.32,Action,114,1995,5.9,1,Mobile,Premium,1
63,2.0,Comedy,122,2004,8.2,0,Laptop,Basic,1
20,3.75,Romance,190,2016,6.8,1,TV,Premium,1
39,2.49,Horror,174,1999,7.5,0,Mobile,Basic,1
39,1.0,Drama,170,1998,9.4,0,TV,Basic,1
46,5.55,Action,90,2022,8.2,0,TV,Premium,1
33,1.25,Drama,128,2021,6.4,0,TV,Premium,0
42,5.73,Romance,192,1995,6.5,0,Laptop,Premium,0
45,2.95,Horror,117,1991,7.4,1,TV,Basic,1
40,1.52,Romance,143,2018,7.7,1,TV,Premium,1
59,3.48,Horror,148,1993,6.8,1,TV,Premium,1
45,5.3,Sci-Fi,87,1990,7.5,1,Laptop,Premium,1
17,4.53,Horror,113,2008,4.1,0,TV,Premium,0
60,4.94,Comedy,127,2015,6.4,1,TV,Premium,1
31,4.12,Romance,195,2014,5.5,0,Mobile,Premium,0
16,4.31,Action,135,1999,4.7,1,Laptop,Premium,1
47,5.17,Sci-Fi,155,2004,4.5,1,TV,Premium,1
61,1.87,Comedy,181,2011,7.3,1,Mobile,Premium,1
29,3.19,Drama,144,2010,6.9,1,Laptop,Basic,1
56,1.72,Romance,110,2011,5.4,0,Laptop,Basic,0
40,5.93,Thriller,83,2023,6.6,1,Laptop,Premium,1
42,5.69,Thriller,192,2019,6.7,1,Laptop,Basic,1
41,0.72,Action,188,2014,5.1,0,Laptop,Basic,0
58,4.38,Horror,129,2017,7.6,0,Laptop,Premium,1
18,5.59,Action,148,1990,8.3,1,TV,Premium,1
47,1.49,Thriller,109,1993,8.4,0,TV,Premium,1
53,3.62,Drama,199,1996,7.3,0,TV,Premium,1
49,5.54,Sci-Fi,167,1998,6.8,0,TV,Premium,0
36,0.69,Sci-Fi,138,2008,4.3,1,Mobile,Premium,1
41,4.34,Romance,146,1990,5.6,0,TV,Basic,0
61,2.14,Sci-Fi,154,1999,4.5,1,Laptop,Premium,1
58,5.58,Romance,124,1998,9.3,1,TV,Basic,1
43,5.84,Romance,83,2021,4.7,1,TV,Premium,1
47,5.69,Romance,105,2021,4.8,1,Laptop,Premium,1
45,3.11,Thriller,106,1995,8.9,0,TV,Basic,1
64,5.24,Thriller,125,2006,9.2,1,TV,Premium,1
33,5.15,Horror,197,1999,8.2,0,TV,Premium,1
44,2.26,Comedy,186,2016,4.0,1,Mobile,Basic,1
35,5.06,Romance,143,2024,4.0,0,TV,Premium,0
45,0.7,Romance,170,2010,6.1,1,Laptop,Basic,1
15,3.78,Comedy,185,2014,4.8,0,Laptop,Premium,0
30,1.77,Action,130,2017,4.1,1,TV,Premium,1
37,1.16,Romance,129,2004,6.6,1,TV,Basic,1
54,0.92,Horror,85,1993,9.2,0,TV,Premium,1
43,4.33,Sci-Fi,138,2018,5.8,1,Laptop,Basic,1
15,2.37,Sci-Fi,94,1998,7.6,1,Laptop,Basic,1
52,4.49,Drama,196,2016,7.6,1,Mobile,Basic,1
58,0.86,Drama,109,2015,5.4,0,Mobile,Premium,0
36,2.23,Sci-Fi,121,2008,7.6,1,Mobile,Premium,1
62,3.47,Sci-Fi,180,2017,5.2,1,Laptop,Basic,1
44,4.85,Thriller,116,2006,4.7,0,Mobile,Premium,0
59,2.25,Horror,121,2009,7.9,0,TV,Premium,1
34,3.94,Comedy,180,2012,4.6,0,TV,Premium,0
35,5.37,Drama,114,2021,9.5,0,Laptop,Basic,1
14,3.89,Thriller,166,2022,5.0,0,Mobile,Premium,0
39,1.78,Thriller,85,1994,7.3,1,TV,Basic,1
54,0.63,Comedy,147,2023,6.3,1,Laptop,Premium,1
14,5.29,Thriller,97,2000,4.7,1,Mobile,Premium,1
38,0.62,Horror,152,1992,4.2,0,TV,Basic,0
29,5.31,Sci-Fi,192,2022,7.4,1,Mobile,Premium,1
52,3.41,Romance,108,2000,8.4,0,Laptop,Basic,1
45,5.66,Comedy,156,2005,8.6,0,Mobile,Premium,1
21,4.89,Sci-Fi,138,2007,6.7,1,Laptop,Basic,1
55,5.99,Sci-Fi,126,2019,8.3,0,Mobile,Premium,1
60,2.43,Action,195,1999,7.7,0,TV,Premium,1
51,4.72,Comedy,96,2007,8.0,1,Laptop,Premium,1
41,2.71,Thriller,188,2008,6.7,0,Laptop,Basic,0
54,3.14,Romance,175,2002,7.5,0,Laptop,Basic,1
38,3.95,Comedy,191,1992,8.4,1,Mobile,Basic,1
47,5.31,Thriller,101,1999,6.2,0,Mobile,Premium,0
62,5.91,Sci-Fi,147,1990,8.4,0,TV,Basic,1
37,4.73,Romance,148,2016,7.3,1,Laptop,Basic,1
36,2.8,Thriller,116,1997,4.9,1,Laptop,Basic,1
25,2.82,Horror,184,2006,4.1,1,Mobile,Basic,1
19,4.56,Thriller,128,1998,6.0,1,Mobile,Basic,1
48,1.81,Action,92,1995,7.0,0,TV,Basic,0
57,1.11,Sci-Fi,113,2014,8.6,0,TV,Basic,1
32,2.45,Thriller,188,2017,4.7,1,Mobile,Basic,1
13,2.08,Drama,165,2022,8.4,0,Laptop,Basic,1
20,2.13,Drama,132,1998,8.7,0,TV,Basic,1
58,1.78,Action,166,2007,4.8,1,Mobile,Premium,1
28,0.73,Horror,130,2010,8.7,1,Mobile,Premium,1
26,0.6,Sci-Fi,82,1991,9.5,0,Laptop,Basic,1
24,5.93,Comedy,121,2004,8.0,1,Mobile,Premium,1
63,2.85,Action,177,2017,8.3,1,Mobile,Premium,1
35,2.61,Horror,111,2007,9.5,1,TV,Basic,1
27,4.24,Comedy,188,2023,7.3,0,Mobile,Basic,1
40,1.7,Drama,130,2011,5.7,1,Mobile,Basic,1
46,5.72,Drama,192,2000,8.6,0,TV,Premium,1
14,4.82,Comedy,164,2002,7.4,0,Laptop,Basic,1
44,0.99,Action,125,1993,7.2,0,Laptop,Premium,1
35,2.8,Drama,187,2011,5.4,1,TV,Basic,1
34,5.34,Sci-Fi,100,1996,8.2,1,TV,Premium,1
63,5.7,Romance,123,2013,4.4,1,Laptop,Premium,1
37,3.07,Thriller,90,1993,9.1,1,Laptop,Basic,1
34,3.87,Comedy,182,2017,5.8,1,Laptop,Basic,1
34,1.42,Comedy,147,2004,4.7,0,Laptop,Premium,0
61,5.95,Drama,194,1990,6.4,0,Laptop,Premium,0
64,1.77,Action,80,1992,4.2,0,TV,Basic,0
54,5.69,Sci-Fi,171,2003,7.8,1,Mobile,Basic,1
18,4.07,Action,142,1990,9.0,0,Laptop,Premium,1
27,3.84,Horror,103,2010,8.6,0,Laptop,Basic,1
55,3.32,Horror,178,2018,4.7,1,Mobile,Premium,1
49,1.77,Romance,92,1994,4.7,1,Mobile,Basic,1
45,1.47,Drama,190,1999,8.5,0,Mobile,Basic,1
20,1.71,Drama,177,2017,9.1,0,Mobile,Basic,1
56,1.53,Drama,90,2010,6.5,1,Mobile,Premium,1
56,4.79,Romance,179,1996,6.7,1,Mobile,Basic,1
17,2.43,Horror,130,1992,5.8,1,TV,Premium,1
51,0.82,Action,96,2009,8.9,1,Mobile,Basic,1
16,5.83,Romance,178,2008,7.5,0,Mobile,Premium,1
18,5.36,Romance,161,2024,5.6,0,TV,Premium,0
57,5.6,Action,183,1993,5.6,1,Mobile,Basic,1
44,5.97,Drama,165,1994,8.9,0,Laptop,Premium,1
64,1.46,Sci-Fi,103,1990,4.1,0,Laptop,Premium,0
42,2.68,Action,98,1993,5.8,1,Mobile,Premium,1
59,4.67,Horror,116,2001,7.0,0,TV,Premium,0
47,4.33,Comedy,182,2016,4.8,0,Laptop,Basic,0
52,1.35,Comedy,164,2012,4.5,0,TV,Basic,0
64,4.99,Thriller,87,2014,8.5,1,Laptop,Basic,1
28,1.73,Thriller,107,2010,8.9,1,Mobile,Premium,1
25,1.73,Romance,84,2013,8.5,0,TV,Premium,1
62,3.45,Comedy,96,2014,8.9,1,TV,Basic,1
54,3.76,Sci-Fi,180,2021,7.0,1,TV,Basic,1
42,3.69,Drama,115,2021,8.5,1,Laptop,Premium,1
31,1.0,Horror,197,1994,6.1,0,Laptop,Basic,0
29,5.33,Thriller,98,2005,7.7,0,Laptop,Basic,1
31,1.96,Sci-Fi,143,2022,9.4,1,Mobile,Premium,1
40,1.21,Horror,170,2010,5.2,0,Laptop,Basic,0
38,5.39,Horror,196,1998,6.1,0,Mobile,Premium,0
49,5.76,Drama,177,1995,6.6,0,TV,Basic,0
38,5.24,Romance,90,2024,4.8,0,TV,Premium,0
35,4.95,Comedy,133,2011,4.4,0,Mobile,Premium,0
21,4.1,Drama,124,1994,8.6,1,Laptop,Premium,1
24,3.53,Sci-Fi,126,2012,9.4,0,Mobile,Premium,1
13,0.98,Romance,91,2006,6.2,0,TV,Premium,0
13,2.75,Sci-Fi,197,2001,4.5,0,TV,Basic,0
59,2.55,Romance,100,2012,4.4,1,Mobile,Basic,1
46,1.93,Thriller,197,2005,8.9,1,Laptop,Basic,1
44,4.48,Sci-Fi,90,1992,6.6,1,Laptop,Premium,1
60,3.23,Drama,182,2019,5.8,0,Mobile,Basic,0
37,0.95,Romance,171,2011,6.6,1,Mobile,Premium,1
52,1.71,Romance,84,1998,5.8,1,Laptop,Premium,1
57,4.26,Horror,160,2018,6.7,1,TV,Basic,1
13,0.92,Horror,135,2012,8.7,1,Mobile,Premium,1
28,5.18,Action,99,2002,7.3,0,Laptop,Basic,1
51,3.22,Sci-Fi,120,2021,7.8,1,Laptop,Premium,1
17,3.14,Horror,125,2012,6.0,1,TV,Premium,1
34,3.76,Action,91,2006,8.1,0,TV,Basic,1
41,5.04,Thriller,149,2010,7.7,0,TV,Premium,1
15,2.41,Thriller,96,1991,4.7,1,TV,Basic,1
24,4.23,Horror,194,1995,7.1,0,TV,Premium,1
38,3.61,Sci-Fi,98,2007,5.4,1,Mobile,Basic,1
28,1.97,Romance,105,2019,8.4,0,Laptop,Premium,1
63,5.33,Comedy,127,2011,6.3,0,Mobile,Basic,0
49,4.89,Sci-Fi,187,2022,9.5,1,Mobile,Basic,1
34,4.12,Drama,187,2019,4.5,0,Mobile,Premium,0
41,5.18,Thriller,131,2006,8.3,1,Mobile,Basic,1
26,5.27,Horror,175,2021,7.7,0,Mobile,Premium,1
40,4.4,Horror,149,2003,8.2,1,TV,Premium,1
17,5.1,Romance,134,1999,5.7,0,TV,Basic,0
59,4.34,Drama,179,2023,6.7,0,Laptop,Basic,0
61,4.24,Romance,181,1998,8.4,0,Mobile,Basic,1
42,3.9,Drama,154,2017,5.3,0,Laptop,Basic,0
58,4.64,Comedy,112,2000,5.2,0,TV,Basic,0
64,1.37,Thriller,141,2003,7.0,1,TV,Premium,1
17,5.34,Horror,167,2008,6.9,0,TV,Basic,0
24,5.3,Horror,102,2004,5.6,1,Mobile,Premium,1
28,0.66,Comedy,94,2017,5.6,1,Mobile,Basic,1
38,5.04,Action,106,2013,5.5,1,TV,Basic,1
38,1.21,Thriller,154,1997,8.2,0,Laptop,Basic,1
60,2.34,Romance,143,1998,7.6,1,Laptop,Premium,1
33,4.59,Comedy,194,2022,8.6,0,TV,Basic,1
51,1.38,Romance,193,2022,9.4,1,Laptop,Premium,1
48,5.0,Sci-Fi,160,2008,6.6,1,TV,Premium,1
45,5.08,Horror,130,1992,4.4,1,Laptop,Premium,1
42,3.29,Romance,132,1999,4.3,1,TV,Basic,1
49,0.54,Drama,157,1990,5.6,1,Laptop,Premium,1
35,2.08,Romance,170,2018,9.1,0,Mobile,Basic,1
22,3.89,Sci-Fi,161,2023,6.9,1,TV,Premium,1
17,5.9,Thriller,171,2002,5.5,1,TV,Basic,1
48,3.97,Horror,130,1990,6.2,0,Laptop,Premium,0
46,1.93,Comedy,126,2023,7.3,0,TV,Basic,1
64,3.99,Sci-Fi,190,2018,7.6,0,TV,Basic,1
43,3.47,Horror,83,2002,4.8,1,TV,Basic,1
22,4.79,Romance,86,2018,9.4,1,Mobile,Premium,1
31,1.09,Thriller,188,2013,7.0,1,Mobile,Premium,1
44,4.69,Action,114,2015,4.7,1,Laptop,Basic,1
13,3.48,Thriller,127,2006,8.9,1,Mobile,Premium,1
17,5.8,Action,152,1996,4.4,1,Laptop,Premium,1
57,2.38,Drama,151,2002,9.0,0,Mobile,Premium,1
16,3.98,Thriller,195,1994,9.5,0,Laptop,Premium,1
28,5.63,Horror,124,2015,7.9,1,Mobile,Premium,1
36,1.06,Action,160,1992,8.2,1,Mobile,Premium,1
28,5.65,Comedy,160,1996,5.9,1,Laptop,Premium,1
14,4.28,Horror,192,1990,9.2,1,TV,Basic,1
61,0.87,Comedy,176,2006,6.9,1,TV,Basic,1
40,2.16,Thriller,175,2014,8.0,0,Mobile,Premium,1
44,4.39,Comedy,151,1992,9.1,0,Laptop,Basic,1
39,0.87,Action,98,2004,9.4,1,TV,Basic,1
32,3.7,Horror,142,2018,8.6,0,Laptop,Basic,1
36,2.4,Romance,117,2021,5.7,1,TV,Premium,1
24,3.92,Sci-Fi,146,2015,9.3,1,Laptop,Premium,1
62,0.75,Action,138,2005,7.5,1,Mobile,Premium,1
47,5.29,Action,148,2014,9.1,0,Laptop,Premium,1
45,5.85,Romance,92,2017,7.7,0,TV,Premium,1
45,5.83,Horror,126,1998,5.7,1,Mobile,Basic,1
63,4.62,Horror,189,1990,6.0,0,Laptop,Premium,0
55,1.22,Thriller,140,2018,7.0,0,TV,Basic,0
49,4.67,Comedy,110,2011,8.3,1,Mobile,Premium,1
24,0.64,Thriller,198,2005,5.7,0,Laptop,Basic,0
15,0.62,Romance,159,1996,7.2,0,TV,Premium,1
13,2.28,Thriller,193,2003,5.9,1,Laptop,Premium,1
45,3.19,Romance,175,2018,8.5,1,Laptop,Premium,1
52,4.74,Horror,101,2008,6.6,0,Mobile,Premium,0
22,4.26,Comedy,172,2008,4.4,1,Mobile,Premium,1
55,2.95,Thriller,165,1991,4.9,0,TV,Premium,0
56,2.0,Action,122,2004,4.3,1,Mobile,Basic,1
41,5.98,Drama,146,1992,6.7,1,TV,Premium,1
25,2.84,Sci-Fi,133,2000,4.6,1,Laptop,Basic,1
24,2.98,Action,89,2019,4.6,1,Laptop,Premium,1
43,1.4,Horror,121,2007,9.2,0,TV,Basic,1
58,4.87,Sci-Fi,143,1991,8.8,1,Laptop,Basic,1
14,4.32,Drama,100,2021,6.5,1,Mobile,Basic,1
63,1.71,Drama,159,1997,9.4,1,Laptop,Basic,1
62,0.95,Comedy,155,2011,4.0,0,Mobile,Basic,0
47,4.24,Sci-Fi,145,1995,7.4,0,TV,Basic,1
35,4.1,Comedy,120,2001,7.4,1,TV,Premium,1
29,2.0,Action,103,2004,6.5,1,Laptop,Basic,1
38,5.73,Romance,114,2017,6.2,1,Laptop,Premium,1
20,1.33,Romance,135,2007,6.5,1,Mobile,Premium,1
41,2.88,Romance,109,1991,6.3,1,Mobile,Basic,1
38,5.69,Sci-Fi,136,2002,8.0,1,Laptop,Basic,1
22,2.81,Romance,173,2004,4.7,0,Laptop,Premium,0
38,4.01,Action,126,2009,5.1,1,TV,Basic,1
46,2.69,Comedy,114,2018,5.0,1,TV,Basic,1
63,2.01,Sci-Fi,98,2018,5.4,1,TV,Basic,1
53,5.91,Comedy,193,1992,6.9,1,Laptop,Basic,1
19,2.75,Sci-Fi,87,2008,4.6,1,Laptop,Basic,1
16,5.42,Comedy,105,1992,8.8,1,Laptop,Basic,1
62,1.76,Drama,192,2003,5.6,0,TV,Basic,0
57,1.67,Comedy,183,1993,4.9,0,Laptop,Premium,0
23,0.67,Romance,150,2000,7.7,0,Mobile,Basic,1
41,4.08,Drama,109,2020,4.2,0,Laptop,Premium,0
48,2.53,Comedy,86,2021,7.4,0,Laptop,Premium,1
37,5.25,Sci-Fi,146,2016,7.8,0,Laptop,Premium,1
33,3.1,Sci-Fi,144,2019,5.2,1,Laptop,Premium,1
48,5.83,Sci-Fi,115,1991,4.2,1,Laptop,Basic,1
22,1.52,Horror,104,1998,6.0,1,Mobile,Premium,1
49,5.28,Action,116,2017,4.5,1,Mobile,Premium,1
21,4.77,Sci-Fi,80,2020,4.6,1,Laptop,Premium,1
36,4.74,Drama,94,2023,5.4,1,TV,Premium,1
47,5.15,Sci-Fi,116,2004,5.6,0,Laptop,Premium,0
61,4.69,Horror,92,2014,6.9,1,Laptop,Basic,1
47,3.94,Romance,183,1997,7.7,0,Laptop,Basic,1
60,1.22,Drama,87,1998,7.3,0,TV,Premium,1
48,0.68,Horror,84,2021,4.8,1,TV,Basic,1
30,5.56,Romance,139,2006,4.9,1,TV,Basic,1
61,3.89,Thriller,152,2024,8.8,1,Mobile,Premium,1
51,4.88,Thriller,80,2008,7.1,1,TV,Premium,1
44,3.15,Drama,115,2018,8.8,1,Mobile,Premium,1
36,1.15,Comedy,114,1996,6.0,1,Mobile,Basic,1
35,1.19,Action,145,2017,7.4,1,TV,Premium,1
44,4.27,Action,142,1998,6.9,0,TV,Basic,1
49,2.87,Horror,183,2017,5.8,1,TV,Basic,1
24,1.6,Romance,102,1995,6.6,1,Mobile,Basic,1
61,3.2,Action,88,2018,6.8,0,Laptop,Premium,1
25,0.85,Romance,113,2006,5.1,1,TV,Basic,1
35,3.7,Romance,125,2005,5.7,1,TV,Premium,1
37,1.98,Horror,157,2012,8.4,0,TV,Premium,1
47,4.89,Horror,83,2020,9.0,1,Mobile,Premium,1
53,2.21,Horror,109,1992,6.0,1,Mobile,Premium,1
42,3.0,Action,174,2010,5.7,1,Laptop,Premium,1
29,0.56,Thriller,181,2015,5.1,1,TV,Basic,1
61,0.9,Horror,154,2011,7.7,1,Mobile,Basic,1
32,2.66,Action,178,2001,5.8,1,Laptop,Basic,1
60,3.14,Horror,151,2002,9.4,0,TV,Basic,1
37,3.8,Sci-Fi,82,2000,5.8,1,Mobile,Basic,1
34,2.1,Romance,93,2005,6.2,1,TV,Premium,1
25,4.32,Horror,139,1997,7.3,0,TV,Premium,1
31,5.23,Drama,156,1991,8.4,0,Mobile,Basic,1
61,4.79,Romance,124,2019,6.6,1,Mobile,Basic,1
48,0.72,Romance,175,2019,6.3,0,Mobile,Basic,0
24,3.14,Horror,113,2001,9.5,1,TV,Premium,1
53,1.08,Thriller,124,1999,4.1,1,TV,Premium,1
31,1.83,Comedy,140,2000,8.9,0,Laptop,Premium,1
24,5.93,Thriller,162,2004,4.8,1,TV,Basic,1
21,1.28,Horror,181,2005,8.3,1,Mobile,Basic,1
19,3.24,Romance,95,2006,7.4,0,TV,Basic,1
40,3.9,Drama,145,2015,5.9,0,Laptop,Basic,0
26,4.36,Romance,119,1991,8.8,0,Laptop,Premium,1
43,3.58,Thriller,96,2001,4.1,0,Mobile,Basic,0
64,0.55,Drama,198,2015,5.2,1,Mobile,Basic,1
31,2.3,Action,113,2012,7.1,0,Laptop,Basic,1
59,3.35,Sci-Fi,185,2007,5.9,0,Laptop,Premium,0
28,0.98,Romance,95,2021,7.4,0,Laptop,Premium,1
17,2.43,Horror,181,1992,4.1,0,Mobile,Basic,0
47,0.68,Action,139,1992,4.6,0,Laptop,Premium,0
24,0.93,Sci-Fi,145,2019,4.7,1,Laptop,Premium,1
37,2.68,Horror,145,1990,5.0,0,Mobile,Premium,0
64,1.23,Comedy,169,2019,6.5,1,TV,Premium,1
33,3.62,Horror,92,2021,8.1,0,TV,Premium,1
48,4.29,Drama,135,2017,9.0,0,Laptop,Basic,1
35,4.9,Drama,190,2010,8.6,0,TV,Basic,1
28,1.6,Comedy,110,2002,5.1,0,TV,Basic,0
51,1.42,Action,113,2016,6.4,0,TV,Premium,0
57,1.08,Sci-Fi,118,1996,5.1,0,TV,Premium,0
54,4.0,Horror,146,2011,5.5,0,Laptop,Premium,0
51,4.39,Drama,87,1999,6.8,0,TV,Premium,0
26,0.67,Action,166,2004,4.4,1,TV,Basic,1
43,5.65,Comedy,157,2004,5.2,0,Mobile,Basic,0
17,0.79,Thriller,199,1993,9.1,1,Laptop,Basic,1
47,3.48,Romance,134,2021,6.6,0,Mobile,Basic,0
35,4.4,Thriller,106,2012,6.4,1,Mobile,Basic,1
41,5.29,Thriller,197,1995,4.1,0,Laptop,Basic,0
55,4.43,Drama,172,2013,5.4,0,TV,Premium,0
23,4.91,Comedy,182,2009,8.8,0,Mobile,Premium,1
30,2.37,Horror,132,2009,4.9,1,Laptop,Basic,1
59,4.98,Thriller,118,2001,6.3,1,TV,Premium,1
24,0.94,Thriller,144,2022,4.1,1,Laptop,Basic,1
21,5.42,Sci-Fi,96,2017,6.6,1,Mobile,Basic,1
22,3.51,Drama,184,1997,4.1,0,TV,Premium,0
56,5.0,Drama,109,1990,8.5,0,TV,Basic,1
29,2.99,Horror,132,2011,8.5,0,Laptop,Basic,1
50,4.04,Romance,92,1995,8.3,1,TV,Basic,1
19,3.4,Action,100,2010,5.6,0,Mobile,Premium,1
58,4.52,Sci-Fi,98,2021,8.6,1,Mobile,Premium,1
25,0.95,Drama,132,2024,7.0,1,Mobile,Premium,1
52,0.83,Sci-Fi,98,2004,6.1,1,Laptop,Premium,1
54,1.86,Drama,136,1994,7.4,1,TV,Basic,1
21,1.38,Sci-Fi,104,1995,4.1,1,TV,Premium,1
62,5.29,Comedy,165,2014,4.8,0,TV,Premium,0
39,1.71,Thriller,110,2018,8.1,1,Mobile,Premium,1
14,5.87,Drama,160,1996,5.3,1,TV,Basic,1
17,2.35,Sci-Fi,134,2002,7.3,0,Mobile,Premium,1
41,1.5,Action,102,2007,6.1,1,TV,Premium,1
49,4.84,Comedy,111,1991,8.7,1,Mobile,Basic,1
50,4.12,Comedy,141,1997,9.2,0,TV,Basic,1
31,3.24,Action,153,2000,8.9,0,Laptop,Basic,1
20,3.55,Sci-Fi,89,2022,5.5,0,Laptop,Basic,0
60,4.46,Horror,179,2016,5.1,1,Mobile,Premium,1
57,1.76,Action,151,2009,6.6,0,Mobile,Basic,0
13,5.98,Sci-Fi,133,2001,4.0,0,TV,Premium,0
34,5.86,Action,131,2020,4.1,0,TV,Premium,1
64,4.08,Action,99,2016,7.0,1,Laptop,Premium,1
29,1.6,Drama,111,2021,6.9,0,TV,Premium,0
19,4.24,Sci-Fi,193,1999,9.5,1,Mobile,Premium,1
37,0.9,Horror,93,1992,5.1,1,Mobile,Basic,1
57,0.67,Thriller,129,2016,5.4,0,Mobile,Premium,0
16,1.92,Drama,107,2024,4.6,1,Mobile,Premium,1
48,3.04,Action,189,2020,9.0,1,Mobile,Premium,1
18,5.28,Thriller,195,2004,8.3,0,Laptop,Basic,1
43,4.5,Romance,132,2005,8.5,1,Laptop,Premium,1
31,4.58,Thriller,103,2002,9.0,0,Mobile,Premium,1
56,2.84,Action,158,2024,6.9,1,TV,Basic,1
51,2.4,Action,101,2000,6.5,1,Mobile,Premium,1
39,2.54,Sci-Fi,109,2010,5.8,0,Laptop,Premium,0
22,5.93,Sci-Fi,142,2000,7.2,0,Mobile,Basic,1
38,0.72,Drama,83,2019,6.5,1,Laptop,Premium,1
31,5.27,Horror,156,2024,6.5,1,Laptop,Premium,1
51,3.68,Drama,138,2011,9.2,0,Mobile,Premium,1
15,2.91,Comedy,166,2020,9.4,1,Mobile,Premium,1
57,4.49,Action,87,2003,8.4,1,TV,Premium,1
25,3.18,Thriller,161,2013,8.2,1,Laptop,Basic,1
62,5.3,Romance,91,2021,7.7,1,TV,Basic,1
40,5.45,Action,198,2021,4.9,0,Mobile,Basic,1
32,2.82,Action,110,2004,4.3,0,Laptop,Premium,1
40,2.02,Drama,157,2024,7.8,0,TV,Premium,1
20,3.76,Romance,113,1992,8.0,0,TV,Premium,1
53,5.52,Romance,161,2005,4.3,0,TV,Basic,0
51,1.66,Romance,199,1994,9.1,0,Mobile,Premium,1
13,3.93,Drama,177,2010,4.5,1,Mobile,Premium,1
15,3.97,Action,154,1999,5.6,0,Mobile,Premium,1
25,4.53,Drama,184,2008,7.7,1,Laptop,Basic,1
40,1.22,Sci-Fi,155,2014,4.9,1,Mobile,Basic,1
61,4.44,Sci-Fi,128,1993,4.3,1,Laptop,Premium,1
37,5.5,Drama,158,2018,5.8,0,TV,Premium,0
45,1.49,Romance,136,2008,8.2,1,TV,Premium,1
50,1.81,Action,174,1991,6.3,0,Mobile,Basic,0
18,5.84,Drama,192,1999,7.6,1,TV,Basic,1
56,1.5,Drama,172,2014,7.2,1,Mobile,Basic,1
57,5.2,Drama,105,2009,4.1,0,Laptop,Premium,0
44,3.21,Comedy,97,2008,9.4,1,TV,Basic,1
57,1.86,Sci-Fi,175,2012,4.2,1,Mobile,Premium,1
59,5.29,Thriller,165,2013,9.3,1,TV,Premium,1
33,2.95,Romance,117,2000,7.0,1,TV,Basic,1
28,3.33,Horror,160,2023,9.3,0,Mobile,Premium,1
33,2.48,Thriller,166,2017,4.6,1,TV,Basic,1
23,3.76,Romance,167,1994,6.7,1,TV,Premium,1
49,1.4,Horror,129,1994,4.9,0,TV,Premium,0
48,2.65,Comedy,87,2010,4.3,1,TV,Basic,1
47,5.83,Drama,120,2001,7.4,1,Laptop,Premium,1
31,1.92,Comedy,85,1993,5.1,1,TV,Premium,1
32,4.11,Comedy,148,2009,7.2,1,TV,Premium,1
30,2.29,Thriller,123,2014,4.6,0,Mobile,Premium,0
59,4.75,Action,143,2003,5.8,1,Laptop,Premium,1
53,1.22,Thriller,108,2000,8.3,0,Mobile,Premium,1
61,5.83,Sci-Fi,107,2021,6.4,1,Mobile,Premium,1
26,3.0,Horror,90,2000,7.5,1,Mobile,Premium,1
27,1.8,Drama,144,2007,7.6,1,Laptop,Basic,1
43,0.9,Thriller,186,2016,8.6,0,Mobile,Basic,1
13,1.43,Horror,98,2007,5.8,1,Mobile,Premium,1
15,3.36,Romance,88,2012,7.8,1,Mobile,Premium,1
28,2.35,Horror,106,2000,9.3,0,TV,Basic,1
35,5.06,Romance,113,2010,8.0,0,Mobile,Premium,1
23,2.87,Thriller,123,1994,6.7,0,Laptop,Basic,0
24,1.87,Sci-Fi,147,2012,7.5,0,Laptop,Basic,1
22,3.89,Thriller,179,2014,8.1,1,TV,Basic,1
44,4.39,Romance,161,1999,7.4,1,Laptop,Premium,1
28,1.42,Horror,94,2011,4.1,1,Laptop,Premium,1
20,1.42,Horror,130,2008,5.1,1,TV,Premium,1
50,0.7,Romance,92,1990,8.5,0,Mobile,Basic,1
24,4.55,Comedy,162,1996,5.5,1,TV,Basic,1
36,4.15,Sci-Fi,128,1993,8.0,1,Mobile,Basic,1
40,3.11,Action,149,1990,6.0,1,Mobile,Premium,1
20,5.14,Drama,191,2004,6.9,1,Laptop,Basic,1
40,4.93,Horror,135,2001,4.4,0,TV,Basic,0
48,3.72,Drama,155,2011,5.0,1,Laptop,Premium,1
38,5.28,Action,130,2011,9.3,1,Laptop,Basic,1
20,1.63,Thriller,116,2006,8.9,1,Mobile,Basic,1
62,1.12,Drama,96,2018,7.6,0,Laptop,Premium,1
40,1.98,Action,137,2003,6.5,0,TV,Premium,0
40,0.81,Romance,166,2009,7.7,1,Laptop,Basic,1
49,3.42,Comedy,169,2022,7.4,1,Laptop,Premium,1
53,5.65,Horror,108,2004,7.1,1,Mobile,Basic,1
48,0.72,Action,112,2001,4.3,0,TV,Premium,0
39,1.17,Drama,139,2009,7.5,1,Laptop,Basic,1
29,2.99,Horror,170,2019,8.2,1,Mobile,Premium,1
21,5.64,Comedy,168,1992,9.5,1,Laptop,Basic,1
45,2.24,Romance,199,2017,4.1,0,TV,Premium,0
32,3.29,Thriller,134,2015,8.0,1,Laptop,Premium,1
25,0.73,Horror,89,2019,7.1,1,Laptop,Premium,1
40,1.32,Thriller,126,2002,6.4,0,Mobile,Premium,0
60,5.93,Action,102,2002,4.7,0,Laptop,Premium,1
41,5.81,Comedy,164,1991,6.2,1,Mobile,Premium,1
25,0.53,Drama,100,1991,5.9,0,TV,Premium,0
58,5.73,Comedy,186,2015,5.7,1,Laptop,Basic,1
47,4.02,Comedy,92,2000,8.0,0,TV,Basic,1
18,5.27,Sci-Fi,180,1997,7.9,0,TV,Premium,1
30,3.0,Comedy,112,2011,7.2,1,Laptop,Premium,1
63,3.34,Comedy,103,2009,9.2,1,Mobile,Basic,1
17,3.19,Horror,187,1997,5.9,1,TV,Basic,1
59,4.17,Drama,90,2018,5.3,0,TV,Premium,0
37,1.27,Horror,96,2015,7.6,1,Laptop,Basic,1
14,0.66,Horror,147,2019,5.1,1,Laptop,Basic,1
22,2.19,Action,126,2006,5.7,1,Laptop,Premium,1
42,4.38,Horror,104,2009,5.2,1,Laptop,Premium,1
62,1.61,Sci-Fi,173,2005,4.4,1,Laptop,Premium,1
57,4.2,Sci-Fi,152,1996,8.6,0,Laptop,Basic,1
17,5.83,Thriller,100,2005,5.4,1,Mobile,Premium,1
45,1.02,Action,163,2016,6.6,1,TV,Premium,1
13,4.2,Thriller,162,2012,4.2,0,Mobile,Basic,0
30,2.94,Thriller,162,2013,7.8,1,Mobile,Premium,1
44,5.27,Romance,91,1998,5.8,1,Laptop,Basic,1
59,1.47,Drama,116,2024,8.1,1,TV,Basic,1
61,4.31,Drama,121,2009,6.3,1,Mobile,Basic,1
23,5.11,Horror,96,2006,5.1,1,Laptop,Basic,1
33,5.7,Horror,180,2020,6.8,0,Laptop,Basic,0
38,4.26,Romance,197,1997,4.7,0,TV,Basic,0
37,3.23,Horror,127,2004,6.4,0,Mobile,Premium,0
34,3.9,Drama,182,2020,5.7,1,Mobile,Premium,1
39,5.28,Thriller,107,2019,9.0,0,Mobile,Premium,1
61,3.64,Comedy,120,2009,4.3,1,Laptop,Basic,1
25,0.67,Sci-Fi,178,2001,7.8,1,TV,Premium,1
45,5.62,Comedy,126,2006,5.0,1,TV,Basic,1
46,4.29,Comedy,191,2019,5.8,0,Mobile,Premium,0
53,4.22,Drama,97,2018,6.3,0,Laptop,Basic,0
47,1.69,Comedy,157,2008,9.0,0,Mobile,Premium,1
13,4.12,Romance,178,2000,5.3,1,TV,Basic,1
33,2.67,Action,187,2023,4.5,0,Laptop,Premium,1
60,4.08,Horror,184,1996,5.8,1,Mobile,Basic,1
18,1.09,Action,150,2023,4.6,0,Mobile,Premium,0
40,4.12,Thriller,184,2009,4.7,0,Laptop,Basic,0
29,6.0,Sci-Fi,92,2013,7.2,1,TV,Premium,1
17,0.77,Horror,161,1999,4.3,1,Laptop,Premium,1
43,5.87,Comedy,180,2021,4.2,0,Mobile,Premium,0
17,2.74,Sci-Fi,92,2004,7.9,0,Mobile,Basic,1
50,5.29,Horror,179,2009,6.0,0,Mobile,Basic,0
15,4.8,Romance,110,1992,4.7,1,Mobile,Basic,1
35,3.62,Romance,81,1997,5.4,1,TV,Basic,1
49,4.56,Romance,95,2012,7.5,0,TV,Basic,1
49,5.33,Romance,88,2000,5.5,0,Mobile,Premium,0
22,2.72,Comedy,152,1997,6.7,1,TV,Basic,1
22,2.3,Action,117,2018,4.7,0,TV,Premium,1
31,4.17,Horror,154,2019,7.2,1,TV,Premium,1
29,4.94,Comedy,133,1999,5.7,1,Mobile,Basic,1
33,4.69,Romance,135,2017,7.4,1,Laptop,Premium,1
26,4.89,Thriller,165,2002,8.4,1,Laptop,Basic,1
21,2.9,Action,176,2021,7.4,1,Laptop,Basic,1
58,5.0,Thriller,179,2015,5.6,1,Mobile,Basic,1
13,1.16,Sci-Fi,188,2011,5.4,0,TV,Premium,0
63,3.49,Thriller,166,1993,5.8,1,TV,Basic,1
57,0.53,Sci-Fi,124,2020,4.9,1,Mobile,Basic,1
25,2.29,Sci-Fi,188,2007,5.0,0,Mobile,Basic,0
16,2.52,Romance,113,2013,8.3,1,Laptop,Premium,1
13,2.68,Sci-Fi,88,2012,6.1,0,Laptop,Basic,0
61,4.33,Drama,167,2011,6.4,1,Mobile,Premium,1
52,2.64,Horror,87,1991,7.3,0,Laptop,Premium,1
44,2.97,Horror,86,2020,7.2,0,TV,Basic,1
46,1.81,Romance,115,2000,4.4,1,Mobile,Premium,1
40,2.55,Drama,97,2017,8.6,1,Mobile,Premium,1
43,1.75,Thriller,82,2021,5.0,1,TV,Basic,1
20,0.9,Comedy,107,1994,8.0,1,TV,Basic,1
51,3.82,Thriller,149,1999,8.2,0,TV,Basic,1
38,4.18,Comedy,187,2013,7.9,0,Laptop,Premium,1
46,3.91,Sci-Fi,123,2024,7.2,0,Mobile,Basic,1
15,3.05,Action,100,2012,4.1,1,Laptop,Premium,1
62,2.59,Comedy,107,2006,6.0,0,TV,Premium,0
24,5.25,Action,183,1990,7.3,1,Laptop,Premium,1
13,3.35,Horror,133,2020,6.1,1,TV,Premium,1
56,3.14,Action,133,2020,8.7,0,Laptop,Premium,1
17,0.64,Horror,144,2023,5.7,1,Laptop,Basic,1
42,2.38,Drama,179,1998,5.6,0,TV,Basic,0
42,2.59,Drama,100,2011,5.5,1,Laptop,Premium,1
29,2.69,Romance,186,2002,5.8,0,Mobile,Premium,0
60,3.69,Romance,178,2014,7.1,1,Laptop,Basic,1
59,3.43,Sci-Fi,92,2007,7.9,0,Laptop,Basic,1
35,3.84,Comedy,136,2001,7.6,0,Mobile,Premium,1
27,4.71,Sci-Fi,128,2006,8.4,1,TV,Premium,1
49,4.97,Horror,197,2004,8.9,1,Mobile,Basic,1
33,4.45,Sci-Fi,133,2004,8.5,0,Laptop,Basic,1
26,5.76,Action,89,2004,4.1,1,TV,Premium,1
14,0.6,Horror,132,2002,8.0,1,Laptop,Basic,1
23,1.58,Romance,123,2006,5.1,1,Laptop,Basic,1
63,0.54,Drama,126,2021,4.7,0,Mobile,Premium,0
51,4.06,Romance,132,1998,7.5,0,Mobile,Premium,1
50,5.44,Comedy,153,2009,5.8,1,TV,Premium,1
46,1.84,Horror,125,2015,4.3,1,TV,Basic,1
50,5.6,Horror,92,2016,4.8,0,TV,Premium,0
62,0.83,Action,116,2010,4.0,1,Laptop,Basic,1
46,5.64,Comedy,181,2007,9.0,0,Mobile,Premium,1
30,2.43,Drama,103,2002,4.1,1,Mobile,Premium,1
42,1.06,Thriller,81,2005,5.2,1,Mobile,Basic,1
27,3.17,Horror,165,1998,6.3,1,TV,Basic,1
39,1.91,Horror,160,2001,6.0,0,Mobile,Premium,0
63,2.07,Action,179,2008,9.0,0,Mobile,Premium,1
46,2.19,Sci-Fi,93,1996,4.2,0,Mobile,Basic,0
64,4.92,Drama,89,2024,6.8,0,TV,Premium,0
50,3.47,Romance,114,2007,7.7,1,Mobile,Basic,1
45,2.21,Comedy,104,2005,9.1,1,TV,Basic,1
36,3.86,Horror,82,1993,7.4,0,Mobile,Premium,1
27,4.44,Horror,190,2014,8.4,1,Mobile,Basic,1
42,2.0,Romance,181,2021,4.5,1,Mobile,Basic,1
54,2.77,Drama,96,2002,6.1,0,TV,Basic,0
63,1.17,Sci-Fi,91,2006,6.1,1,TV,Premium,1
29,1.5,Horror,133,1995,8.9,1,Mobile,Basic,1
17,4.25,Drama,195,2008,4.8,0,Laptop,Premium,0
41,1.5,Romance,103,2002,4.8,1,TV,Premium,1
16,3.39,Action,108,2015,5.8,1,TV,Premium,1
22,4.4,Sci-Fi,122,2003,4.3,1,Mobile,Basic,1
29,1.09,Comedy,104,2020,5.0,0,Laptop,Basic,0
22,3.62,Horror,179,1993,9.3,0,Mobile,Premium,1
29,1.91,Drama,139,1997,6.4,1,TV,Premium,1
32,5.8,Action,169,2014,7.5,1,TV,Basic,1
36,3.16,Comedy,181,2002,8.0,1,Mobile,Premium,1
17,4.93,Thriller,144,2021,6.0,0,Mobile,Premium,0
46,3.53,Drama,163,2017,4.8,0,Laptop,Basic,0
18,0.74,Drama,198,2019,5.1,0,Laptop,Premium,0
14,3.98,Comedy,107,1992,5.7,1,TV,Basic,1
25,5.73,Action,95,2017,7.5,1,Laptop,Basic,1
55,3.81,Thriller,126,1992,6.2,1,Laptop,Premium,1
55,5.01,Romance,160,2023,4.0,1,TV,Basic,1
60,5.36,Action,183,2005,6.9,1,TV,Basic,1
23,1.75,Sci-Fi,171,2011,9.1,0,TV,Basic,1
63,1.67,Horror,137,2021,8.5,1,TV,Premium,1
59,3.86,Comedy,155,1997,8.5,1,Mobile,Premium,1
35,2.76,Romance,106,1997,8.4,1,TV,Premium,1
28,5.12,Thriller,197,1995,5.8,0,TV,Basic,0
43,5.45,Comedy,132,2003,8.2,1,TV,Basic,1
23,2.44,Comedy,121,2021,4.8,0,Laptop,Premium,0
28,1.8,Action,138,2024,7.6,0,TV,Premium,1
20,4.79,Horror,126,1999,7.5,0,Mobile,Basic,1
16,2.01,Sci-Fi,173,1992,4.1,0,Mobile,Premium,0
52,5.02,Drama,184,2001,8.3,0,TV,Premium,1
16,2.83,Drama,113,2020,9.0,1,Mobile,Premium,1
37,4.17,Comedy,116,2018,5.5,1,Laptop,Premium,1
15,1.03,Horror,85,1994,8.5,0,TV,Premium,1
44,3.93,Thriller,86,2014,4.5,0,Mobile,Basic,0
15,2.98,Thriller,175,2020,7.3,0,Mobile,Premium,1
39,3.73,Romance,175,2010,6.7,1,TV,Premium,1
41,1.42,Action,196,2009,7.0,1,Mobile,Basic,1
44,4.55,Horror,104,2011,9.1,0,TV,Basic,1
62,5.25,Horror,112,1993,8.8,1,Mobile,Basic,1
63,1.69,Action,134,2002,8.3,1,Laptop,Basic,1
31,1.03,Thriller,137,2009,5.5,0,Mobile,Premium,0
33,0.63,Thriller,86,2002,9.0,0,Mobile,Premium,1
17,4.03,Thriller,195,2006,4.5,1,TV,Premium,1
30,3.84,Comedy,136,2022,8.7,1,Mobile,Premium,1
40,3.51,Horror,91,1990,5.8,1,TV,Basic,1
54,1.78,Drama,95,2004,4.3,0,Laptop,Basic,0
34,2.65,Action,159,2002,7.7,0,TV,Premium,1
33,3.77,Thriller,122,2006,5.3,0,TV,Premium,0
18,3.23,Romance,196,2013,5.3,1,Mobile,Premium,1
13,5.93,Thriller,179,1997,5.7,1,Laptop,Premium,1
17,1.25,Thriller,156,2016,4.4,0,TV,Basic,0
53,4.32,Sci-Fi,86,2012,5.0,1,Mobile,Premium,1
24,2.72,Comedy,179,1997,4.0,0,Mobile,Basic,0
38,2.86,Action,190,1997,6.4,1,TV,Basic,1
58,4.45,Sci-Fi,130,2015,4.5,0,Mobile,Basic,0
46,4.31,Sci-Fi,152,2002,7.8,1,TV,Basic,1
61,5.95,Romance,111,2017,5.3,1,TV,Premium,1
26,1.21,Horror,154,2014,9.2,0,TV,Premium,1
38,1.07,Romance,87,2005,8.8,0,Laptop,Premium,1
57,4.48,Horror,176,1991,5.6,0,TV,Premium,0
39,3.68,Horror,166,2007,8.3,0,Mobile,Basic,1
21,2.01,Action,168,2006,8.4,0,Laptop,Basic,1
38,0.94,Thriller,199,2019,9.4,1,Mobile,Basic,1
59,0.97,Action,151,2002,7.3,0,Laptop,Premium,1
34,5.42,Comedy,124,2021,4.5,0,Laptop,Basic,0
59,1.56,Horror,165,2018,7.6,0,Laptop,Basic,1
42,2.28,Sci-Fi,138,2019,7.4,0,Laptop,Basic,1
55,1.75,Thriller,83,2007,7.5,0,Mobile,Basic,1
60,2.45,Drama,183,2002,5.7,1,TV,Premium,1
29,0.88,Comedy,146,2010,8.7,0,Mobile,Basic,1
38,3.35,Action,108,2019,9.3,0,TV,Basic,1
48,0.87,Romance,184,2010,5.2,0,Mobile,Premium,0
13,4.9,Comedy,108,2006,4.5,1,Laptop,Premium,1
20,1.79,Comedy,177,2008,5.1,1,Laptop,Premium,1
61,3.47,Thriller,177,2004,8.5,0,TV,Basic,1
47,5.34,Comedy,107,1998,7.7,0,TV,Basic,1
64,4.08,Comedy,156,1999,7.5,1,Mobile,Basic,1
27,3.43,Drama,158,2020,6.2,1,TV,Basic,1
59,2.28,Romance,166,2012,7.2,1,Mobile,Premium,1
34,2.33,Romance,123,2019,5.7,0,TV,Basic,0
26,4.18,Romance,169,2022,6.6,0,TV,Basic,0
38,5.97,Horror,83,1998,8.4,1,TV,Premium,1
40,4.14,Sci-Fi,169,1990,9.4,0,Laptop,Premium,1
35,3.57,Romance,183,2024,9.1,1,Laptop,Premium,1
26,4.52,Comedy,88,2000,9.1,1,Mobile,Basic,1
36,3.06,Comedy,198,2023,6.2,1,TV,Basic,1
14,0.83,Romance,84,2005,6.6,0,Mobile,Basic,0
57,3.59,Thriller,135,1998,7.9,1,TV,Basic,1
38,5.77,Romance,175,2021,9.1,1,Laptop,Basic,1
26,1.46,Comedy,163,2004,4.8,0,Laptop,Premium,0
63,4.3,Horror,129,2001,5.7,1,TV,Premium,1
19,1.61,Action,154,2022,4.8,0,TV,Basic,0
15,3.45,Action,94,2003,7.4,1,Laptop,Basic,1
59,1.03,Romance,111,1997,5.7,0,Laptop,Basic,0
35,2.98,Drama,107,1997,5.8,1,Mobile,Basic,1
58,4.66,Romance,101,2016,4.4,1,Laptop,Basic,1
55,2.41,Thriller,184,2001,5.9,1,TV,Premium,1
59,4.16,Romance,96,1990,8.7,1,Mobile,Premium,1
57,4.87,Action,138,2000,5.3,1,TV,Premium,1
30,5.6,Comedy,169,2020,7.8,0,Mobile,Basic,1
50,1.79,Romance,187,2006,7.5,0,TV,Basic,1
